id,tenant_id,first_name,last_name
1,2,firstName1-2,lastName1-2
2,4,firstName2-4,lastName2-4
3,1,firstName3-1,lastName3-1
4,9,firstName4-9,lastName4-9
5,10,firstName5-10,lastName5-10
6,6,firstName6-6,lastName6-6
7,1,firstName7-1,lastName7-1
8,10,firstName8-10,lastName8-10
9,7,firstName9-7,lastName9-7
10,2,firstName10-2,lastName10-2
11,4,firstName11-4,lastName11-4
12,10,firstName12-10,lastName12-10
13,4,firstName13-4,lastName13-4
14,4,firstName14-4,lastName14-4
15,7,firstName15-7,lastName15-7
16,10,firstName16-10,lastName16-10
17,10,firstName17-10,lastName17-10
18,10,firstName18-10,lastName18-10
19,4,firstName19-4,lastName19-4
20,7,firstName20-7,lastName20-7
21,1,firstName21-1,lastName21-1
22,7,firstName22-7,lastName22-7
23,5,firstName23-5,lastName23-5
24,4,firstName24-4,lastName24-4
25,5,firstName25-5,lastName25-5
26,5,firstName26-5,lastName26-5
27,1,firstName27-1,lastName27-1
28,1,firstName28-1,lastName28-1
29,10,firstName29-10,lastName29-10
30,3,firstName30-3,lastName30-3
31,2,firstName31-2,lastName31-2
32,3,firstName32-3,lastName32-3
33,1,firstName33-1,lastName33-1
34,10,firstName34-10,lastName34-10
35,8,firstName35-8,lastName35-8
36,2,firstName36-2,lastName36-2
37,2,firstName37-2,lastName37-2
38,6,firstName38-6,lastName38-6
39,4,firstName39-4,lastName39-4
40,7,firstName40-7,lastName40-7
41,8,firstName41-8,lastName41-8
42,1,firstName42-1,lastName42-1
43,7,firstName43-7,lastName43-7
44,7,firstName44-7,lastName44-7
45,5,firstName45-5,lastName45-5
46,3,firstName46-3,lastName46-3
47,8,firstName47-8,lastName47-8
48,3,firstName48-3,lastName48-3
49,8,firstName49-8,lastName49-8
50,8,firstName50-8,lastName50-8
51,10,firstName51-10,lastName51-10
52,6,firstName52-6,lastName52-6
53,9,firstName53-9,lastName53-9
54,9,firstName54-9,lastName54-9
55,6,firstName55-6,lastName55-6
56,9,firstName56-9,lastName56-9
57,6,firstName57-6,lastName57-6
58,7,firstName58-7,lastName58-7
59,8,firstName59-8,lastName59-8
60,10,firstName60-10,lastName60-10
61,9,firstName61-9,lastName61-9
62,1,firstName62-1,lastName62-1
63,6,firstName63-6,lastName63-6
64,8,firstName64-8,lastName64-8
65,2,firstName65-2,lastName65-2
66,1,firstName66-1,lastName66-1
67,9,firstName67-9,lastName67-9
68,10,firstName68-10,lastName68-10
69,7,firstName69-7,lastName69-7
70,9,firstName70-9,lastName70-9
71,10,firstName71-10,lastName71-10
72,10,firstName72-10,lastName72-10
73,5,firstName73-5,lastName73-5
74,2,firstName74-2,lastName74-2
75,3,firstName75-3,lastName75-3
76,6,firstName76-6,lastName76-6
77,7,firstName77-7,lastName77-7
78,2,firstName78-2,lastName78-2
79,10,firstName79-10,lastName79-10
80,8,firstName80-8,lastName80-8
81,10,firstName81-10,lastName81-10
82,5,firstName82-5,lastName82-5
83,7,firstName83-7,lastName83-7
84,1,firstName84-1,lastName84-1
85,7,firstName85-7,lastName85-7
86,4,firstName86-4,lastName86-4
87,4,firstName87-4,lastName87-4
88,1,firstName88-1,lastName88-1
89,3,firstName89-3,lastName89-3
90,3,firstName90-3,lastName90-3
91,8,firstName91-8,lastName91-8
92,9,firstName92-9,lastName92-9
93,7,firstName93-7,lastName93-7
94,5,firstName94-5,lastName94-5
95,1,firstName95-1,lastName95-1
96,1,firstName96-1,lastName96-1
97,6,firstName97-6,lastName97-6
98,8,firstName98-8,lastName98-8
99,6,firstName99-6,lastName99-6
100,6,firstName100-6,lastName100-6
101,7,firstName101-7,lastName101-7
102,1,firstName102-1,lastName102-1
103,10,firstName103-10,lastName103-10
104,4,firstName104-4,lastName104-4
105,1,firstName105-1,lastName105-1
106,5,firstName106-5,lastName106-5
107,3,firstName107-3,lastName107-3
108,9,firstName108-9,lastName108-9
109,1,firstName109-1,lastName109-1
110,4,firstName110-4,lastName110-4
111,9,firstName111-9,lastName111-9
112,4,firstName112-4,lastName112-4
113,4,firstName113-4,lastName113-4
114,10,firstName114-10,lastName114-10
115,6,firstName115-6,lastName115-6
116,3,firstName116-3,lastName116-3
117,10,firstName117-10,lastName117-10
118,4,firstName118-4,lastName118-4
119,10,firstName119-10,lastName119-10
120,4,firstName120-4,lastName120-4
121,8,firstName121-8,lastName121-8
122,10,firstName122-10,lastName122-10
123,3,firstName123-3,lastName123-3
124,8,firstName124-8,lastName124-8
125,8,firstName125-8,lastName125-8
126,1,firstName126-1,lastName126-1
127,10,firstName127-10,lastName127-10
128,3,firstName128-3,lastName128-3
129,4,firstName129-4,lastName129-4
130,10,firstName130-10,lastName130-10
131,10,firstName131-10,lastName131-10
132,7,firstName132-7,lastName132-7
133,6,firstName133-6,lastName133-6
134,1,firstName134-1,lastName134-1
135,1,firstName135-1,lastName135-1
136,4,firstName136-4,lastName136-4
137,8,firstName137-8,lastName137-8
138,10,firstName138-10,lastName138-10
139,10,firstName139-10,lastName139-10
140,6,firstName140-6,lastName140-6
141,4,firstName141-4,lastName141-4
142,7,firstName142-7,lastName142-7
143,8,firstName143-8,lastName143-8
144,2,firstName144-2,lastName144-2
145,3,firstName145-3,lastName145-3
146,6,firstName146-6,lastName146-6
147,5,firstName147-5,lastName147-5
148,9,firstName148-9,lastName148-9
149,4,firstName149-4,lastName149-4
150,6,firstName150-6,lastName150-6
151,2,firstName151-2,lastName151-2
152,7,firstName152-7,lastName152-7
153,5,firstName153-5,lastName153-5
154,7,firstName154-7,lastName154-7
155,1,firstName155-1,lastName155-1
156,10,firstName156-10,lastName156-10
157,5,firstName157-5,lastName157-5
158,6,firstName158-6,lastName158-6
159,1,firstName159-1,lastName159-1
160,9,firstName160-9,lastName160-9
161,6,firstName161-6,lastName161-6
162,3,firstName162-3,lastName162-3
163,8,firstName163-8,lastName163-8
164,9,firstName164-9,lastName164-9
165,1,firstName165-1,lastName165-1
166,10,firstName166-10,lastName166-10
167,7,firstName167-7,lastName167-7
168,7,firstName168-7,lastName168-7
169,1,firstName169-1,lastName169-1
170,4,firstName170-4,lastName170-4
171,10,firstName171-10,lastName171-10
172,10,firstName172-10,lastName172-10
173,4,firstName173-4,lastName173-4
174,3,firstName174-3,lastName174-3
175,5,firstName175-5,lastName175-5
176,9,firstName176-9,lastName176-9
177,2,firstName177-2,lastName177-2
178,7,firstName178-7,lastName178-7
179,4,firstName179-4,lastName179-4
180,4,firstName180-4,lastName180-4
181,8,firstName181-8,lastName181-8
182,9,firstName182-9,lastName182-9
183,9,firstName183-9,lastName183-9
184,2,firstName184-2,lastName184-2
185,5,firstName185-5,lastName185-5
186,7,firstName186-7,lastName186-7
187,7,firstName187-7,lastName187-7
188,2,firstName188-2,lastName188-2
189,8,firstName189-8,lastName189-8
190,7,firstName190-7,lastName190-7
191,2,firstName191-2,lastName191-2
192,6,firstName192-6,lastName192-6
193,6,firstName193-6,lastName193-6
194,1,firstName194-1,lastName194-1
195,9,firstName195-9,lastName195-9
196,1,firstName196-1,lastName196-1
197,2,firstName197-2,lastName197-2
198,6,firstName198-6,lastName198-6
199,1,firstName199-1,lastName199-1
200,4,firstName200-4,lastName200-4
201,7,firstName201-7,lastName201-7
202,7,firstName202-7,lastName202-7
203,7,firstName203-7,lastName203-7
204,3,firstName204-3,lastName204-3
205,3,firstName205-3,lastName205-3
206,4,firstName206-4,lastName206-4
207,4,firstName207-4,lastName207-4
208,7,firstName208-7,lastName208-7
209,6,firstName209-6,lastName209-6
210,10,firstName210-10,lastName210-10
211,1,firstName211-1,lastName211-1
212,6,firstName212-6,lastName212-6
213,3,firstName213-3,lastName213-3
214,4,firstName214-4,lastName214-4
215,8,firstName215-8,lastName215-8
216,5,firstName216-5,lastName216-5
217,5,firstName217-5,lastName217-5
218,4,firstName218-4,lastName218-4
219,8,firstName219-8,lastName219-8
220,6,firstName220-6,lastName220-6
221,8,firstName221-8,lastName221-8
222,8,firstName222-8,lastName222-8
223,7,firstName223-7,lastName223-7
224,4,firstName224-4,lastName224-4
225,6,firstName225-6,lastName225-6
226,10,firstName226-10,lastName226-10
227,10,firstName227-10,lastName227-10
228,6,firstName228-6,lastName228-6
229,2,firstName229-2,lastName229-2
230,8,firstName230-8,lastName230-8
231,6,firstName231-6,lastName231-6
232,2,firstName232-2,lastName232-2
233,6,firstName233-6,lastName233-6
234,3,firstName234-3,lastName234-3
235,4,firstName235-4,lastName235-4
236,10,firstName236-10,lastName236-10
237,2,firstName237-2,lastName237-2
238,2,firstName238-2,lastName238-2
239,4,firstName239-4,lastName239-4
240,6,firstName240-6,lastName240-6
241,6,firstName241-6,lastName241-6
242,9,firstName242-9,lastName242-9
243,10,firstName243-10,lastName243-10
244,5,firstName244-5,lastName244-5
245,5,firstName245-5,lastName245-5
246,8,firstName246-8,lastName246-8
247,5,firstName247-5,lastName247-5
248,1,firstName248-1,lastName248-1
249,7,firstName249-7,lastName249-7
250,6,firstName250-6,lastName250-6
251,3,firstName251-3,lastName251-3
252,5,firstName252-5,lastName252-5
253,7,firstName253-7,lastName253-7
254,2,firstName254-2,lastName254-2
255,3,firstName255-3,lastName255-3
256,6,firstName256-6,lastName256-6
257,3,firstName257-3,lastName257-3
258,2,firstName258-2,lastName258-2
259,3,firstName259-3,lastName259-3
260,10,firstName260-10,lastName260-10
261,7,firstName261-7,lastName261-7
262,10,firstName262-10,lastName262-10
263,10,firstName263-10,lastName263-10
264,4,firstName264-4,lastName264-4
265,3,firstName265-3,lastName265-3
266,2,firstName266-2,lastName266-2
267,3,firstName267-3,lastName267-3
268,7,firstName268-7,lastName268-7
269,4,firstName269-4,lastName269-4
270,4,firstName270-4,lastName270-4
271,1,firstName271-1,lastName271-1
272,4,firstName272-4,lastName272-4
273,8,firstName273-8,lastName273-8
274,2,firstName274-2,lastName274-2
275,1,firstName275-1,lastName275-1
276,9,firstName276-9,lastName276-9
277,10,firstName277-10,lastName277-10
278,4,firstName278-4,lastName278-4
279,4,firstName279-4,lastName279-4
280,6,firstName280-6,lastName280-6
281,5,firstName281-5,lastName281-5
282,8,firstName282-8,lastName282-8
283,9,firstName283-9,lastName283-9
284,7,firstName284-7,lastName284-7
285,8,firstName285-8,lastName285-8
286,8,firstName286-8,lastName286-8
287,3,firstName287-3,lastName287-3
288,10,firstName288-10,lastName288-10
289,8,firstName289-8,lastName289-8
290,3,firstName290-3,lastName290-3
291,7,firstName291-7,lastName291-7
292,4,firstName292-4,lastName292-4
293,5,firstName293-5,lastName293-5
294,4,firstName294-4,lastName294-4
295,5,firstName295-5,lastName295-5
296,10,firstName296-10,lastName296-10
297,9,firstName297-9,lastName297-9
298,3,firstName298-3,lastName298-3
299,7,firstName299-7,lastName299-7
300,1,firstName300-1,lastName300-1
301,8,firstName301-8,lastName301-8
302,6,firstName302-6,lastName302-6
303,10,firstName303-10,lastName303-10
304,10,firstName304-10,lastName304-10
305,9,firstName305-9,lastName305-9
306,4,firstName306-4,lastName306-4
307,4,firstName307-4,lastName307-4
308,4,firstName308-4,lastName308-4
309,4,firstName309-4,lastName309-4
310,10,firstName310-10,lastName310-10
311,7,firstName311-7,lastName311-7
312,1,firstName312-1,lastName312-1
313,1,firstName313-1,lastName313-1
314,10,firstName314-10,lastName314-10
315,6,firstName315-6,lastName315-6
316,8,firstName316-8,lastName316-8
317,8,firstName317-8,lastName317-8
318,1,firstName318-1,lastName318-1
319,5,firstName319-5,lastName319-5
320,4,firstName320-4,lastName320-4
321,3,firstName321-3,lastName321-3
322,4,firstName322-4,lastName322-4
323,4,firstName323-4,lastName323-4
324,10,firstName324-10,lastName324-10
325,7,firstName325-7,lastName325-7
326,2,firstName326-2,lastName326-2
327,9,firstName327-9,lastName327-9
328,7,firstName328-7,lastName328-7
329,1,firstName329-1,lastName329-1
330,10,firstName330-10,lastName330-10
331,8,firstName331-8,lastName331-8
332,7,firstName332-7,lastName332-7
333,1,firstName333-1,lastName333-1
334,1,firstName334-1,lastName334-1
335,10,firstName335-10,lastName335-10
336,9,firstName336-9,lastName336-9
337,10,firstName337-10,lastName337-10
338,2,firstName338-2,lastName338-2
339,4,firstName339-4,lastName339-4
340,4,firstName340-4,lastName340-4
341,4,firstName341-4,lastName341-4
342,4,firstName342-4,lastName342-4
343,8,firstName343-8,lastName343-8
344,6,firstName344-6,lastName344-6
345,3,firstName345-3,lastName345-3
346,8,firstName346-8,lastName346-8
347,3,firstName347-3,lastName347-3
348,1,firstName348-1,lastName348-1
349,2,firstName349-2,lastName349-2
350,8,firstName350-8,lastName350-8
351,5,firstName351-5,lastName351-5
352,6,firstName352-6,lastName352-6
353,7,firstName353-7,lastName353-7
354,9,firstName354-9,lastName354-9
355,10,firstName355-10,lastName355-10
356,1,firstName356-1,lastName356-1
357,2,firstName357-2,lastName357-2
358,7,firstName358-7,lastName358-7
359,6,firstName359-6,lastName359-6
360,9,firstName360-9,lastName360-9
361,8,firstName361-8,lastName361-8
362,6,firstName362-6,lastName362-6
363,1,firstName363-1,lastName363-1
364,4,firstName364-4,lastName364-4
365,9,firstName365-9,lastName365-9
366,6,firstName366-6,lastName366-6
367,2,firstName367-2,lastName367-2
368,1,firstName368-1,lastName368-1
369,1,firstName369-1,lastName369-1
370,3,firstName370-3,lastName370-3
371,10,firstName371-10,lastName371-10
372,8,firstName372-8,lastName372-8
373,9,firstName373-9,lastName373-9
374,3,firstName374-3,lastName374-3
375,7,firstName375-7,lastName375-7
376,10,firstName376-10,lastName376-10
377,5,firstName377-5,lastName377-5
378,1,firstName378-1,lastName378-1
379,1,firstName379-1,lastName379-1
380,1,firstName380-1,lastName380-1
381,10,firstName381-10,lastName381-10
382,8,firstName382-8,lastName382-8
383,3,firstName383-3,lastName383-3
384,1,firstName384-1,lastName384-1
385,4,firstName385-4,lastName385-4
386,5,firstName386-5,lastName386-5
387,1,firstName387-1,lastName387-1
388,5,firstName388-5,lastName388-5
389,7,firstName389-7,lastName389-7
390,4,firstName390-4,lastName390-4
391,6,firstName391-6,lastName391-6
392,1,firstName392-1,lastName392-1
393,7,firstName393-7,lastName393-7
394,10,firstName394-10,lastName394-10
395,2,firstName395-2,lastName395-2
396,1,firstName396-1,lastName396-1
397,3,firstName397-3,lastName397-3
398,7,firstName398-7,lastName398-7
399,1,firstName399-1,lastName399-1
400,7,firstName400-7,lastName400-7
401,7,firstName401-7,lastName401-7
402,5,firstName402-5,lastName402-5
403,6,firstName403-6,lastName403-6
404,6,firstName404-6,lastName404-6
405,7,firstName405-7,lastName405-7
406,6,firstName406-6,lastName406-6
407,8,firstName407-8,lastName407-8
408,4,firstName408-4,lastName408-4
409,3,firstName409-3,lastName409-3
410,10,firstName410-10,lastName410-10
411,5,firstName411-5,lastName411-5
412,4,firstName412-4,lastName412-4
413,8,firstName413-8,lastName413-8
414,6,firstName414-6,lastName414-6
415,8,firstName415-8,lastName415-8
416,9,firstName416-9,lastName416-9
417,3,firstName417-3,lastName417-3
418,6,firstName418-6,lastName418-6
419,9,firstName419-9,lastName419-9
420,2,firstName420-2,lastName420-2
421,2,firstName421-2,lastName421-2
422,6,firstName422-6,lastName422-6
423,6,firstName423-6,lastName423-6
424,10,firstName424-10,lastName424-10
425,1,firstName425-1,lastName425-1
426,2,firstName426-2,lastName426-2
427,8,firstName427-8,lastName427-8
428,5,firstName428-5,lastName428-5
429,8,firstName429-8,lastName429-8
430,3,firstName430-3,lastName430-3
431,4,firstName431-4,lastName431-4
432,2,firstName432-2,lastName432-2
433,5,firstName433-5,lastName433-5
434,1,firstName434-1,lastName434-1
435,10,firstName435-10,lastName435-10
436,5,firstName436-5,lastName436-5
437,3,firstName437-3,lastName437-3
438,1,firstName438-1,lastName438-1
439,9,firstName439-9,lastName439-9
440,10,firstName440-10,lastName440-10
441,10,firstName441-10,lastName441-10
442,5,firstName442-5,lastName442-5
443,7,firstName443-7,lastName443-7
444,4,firstName444-4,lastName444-4
445,7,firstName445-7,lastName445-7
446,8,firstName446-8,lastName446-8
447,7,firstName447-7,lastName447-7
448,6,firstName448-6,lastName448-6
449,7,firstName449-7,lastName449-7
450,5,firstName450-5,lastName450-5
451,2,firstName451-2,lastName451-2
452,7,firstName452-7,lastName452-7
453,4,firstName453-4,lastName453-4
454,5,firstName454-5,lastName454-5
455,1,firstName455-1,lastName455-1
456,10,firstName456-10,lastName456-10
457,2,firstName457-2,lastName457-2
458,7,firstName458-7,lastName458-7
459,1,firstName459-1,lastName459-1
460,7,firstName460-7,lastName460-7
461,7,firstName461-7,lastName461-7
462,4,firstName462-4,lastName462-4
463,6,firstName463-6,lastName463-6
464,6,firstName464-6,lastName464-6
465,1,firstName465-1,lastName465-1
466,4,firstName466-4,lastName466-4
467,5,firstName467-5,lastName467-5
468,5,firstName468-5,lastName468-5
469,7,firstName469-7,lastName469-7
470,7,firstName470-7,lastName470-7
471,7,firstName471-7,lastName471-7
472,7,firstName472-7,lastName472-7
473,4,firstName473-4,lastName473-4
474,10,firstName474-10,lastName474-10
475,10,firstName475-10,lastName475-10
476,5,firstName476-5,lastName476-5
477,7,firstName477-7,lastName477-7
478,8,firstName478-8,lastName478-8
479,6,firstName479-6,lastName479-6
480,9,firstName480-9,lastName480-9
481,5,firstName481-5,lastName481-5
482,4,firstName482-4,lastName482-4
483,7,firstName483-7,lastName483-7
484,2,firstName484-2,lastName484-2
485,1,firstName485-1,lastName485-1
486,5,firstName486-5,lastName486-5
487,6,firstName487-6,lastName487-6
488,1,firstName488-1,lastName488-1
489,1,firstName489-1,lastName489-1
490,2,firstName490-2,lastName490-2
491,8,firstName491-8,lastName491-8
492,8,firstName492-8,lastName492-8
493,9,firstName493-9,lastName493-9
494,5,firstName494-5,lastName494-5
495,7,firstName495-7,lastName495-7
496,3,firstName496-3,lastName496-3
497,9,firstName497-9,lastName497-9
498,4,firstName498-4,lastName498-4
499,9,firstName499-9,lastName499-9
500,9,firstName500-9,lastName500-9
501,7,firstName501-7,lastName501-7
502,6,firstName502-6,lastName502-6
503,3,firstName503-3,lastName503-3
504,2,firstName504-2,lastName504-2
505,2,firstName505-2,lastName505-2
506,4,firstName506-4,lastName506-4
507,3,firstName507-3,lastName507-3
508,8,firstName508-8,lastName508-8
509,2,firstName509-2,lastName509-2
510,9,firstName510-9,lastName510-9
511,9,firstName511-9,lastName511-9
512,5,firstName512-5,lastName512-5
513,1,firstName513-1,lastName513-1
514,1,firstName514-1,lastName514-1
515,5,firstName515-5,lastName515-5
516,8,firstName516-8,lastName516-8
517,1,firstName517-1,lastName517-1
518,8,firstName518-8,lastName518-8
519,2,firstName519-2,lastName519-2
520,8,firstName520-8,lastName520-8
521,6,firstName521-6,lastName521-6
522,2,firstName522-2,lastName522-2
523,9,firstName523-9,lastName523-9
524,5,firstName524-5,lastName524-5
525,2,firstName525-2,lastName525-2
526,1,firstName526-1,lastName526-1
527,5,firstName527-5,lastName527-5
528,8,firstName528-8,lastName528-8
529,4,firstName529-4,lastName529-4
530,7,firstName530-7,lastName530-7
531,2,firstName531-2,lastName531-2
532,1,firstName532-1,lastName532-1
533,2,firstName533-2,lastName533-2
534,5,firstName534-5,lastName534-5
535,3,firstName535-3,lastName535-3
536,6,firstName536-6,lastName536-6
537,3,firstName537-3,lastName537-3
538,10,firstName538-10,lastName538-10
539,1,firstName539-1,lastName539-1
540,5,firstName540-5,lastName540-5
541,1,firstName541-1,lastName541-1
542,2,firstName542-2,lastName542-2
543,6,firstName543-6,lastName543-6
544,2,firstName544-2,lastName544-2
545,10,firstName545-10,lastName545-10
546,4,firstName546-4,lastName546-4
547,1,firstName547-1,lastName547-1
548,6,firstName548-6,lastName548-6
549,3,firstName549-3,lastName549-3
550,7,firstName550-7,lastName550-7
551,6,firstName551-6,lastName551-6
552,7,firstName552-7,lastName552-7
553,7,firstName553-7,lastName553-7
554,7,firstName554-7,lastName554-7
555,10,firstName555-10,lastName555-10
556,7,firstName556-7,lastName556-7
557,3,firstName557-3,lastName557-3
558,7,firstName558-7,lastName558-7
559,6,firstName559-6,lastName559-6
560,1,firstName560-1,lastName560-1
561,2,firstName561-2,lastName561-2
562,3,firstName562-3,lastName562-3
563,9,firstName563-9,lastName563-9
564,7,firstName564-7,lastName564-7
565,7,firstName565-7,lastName565-7
566,3,firstName566-3,lastName566-3
567,3,firstName567-3,lastName567-3
568,3,firstName568-3,lastName568-3
569,2,firstName569-2,lastName569-2
570,5,firstName570-5,lastName570-5
571,8,firstName571-8,lastName571-8
572,4,firstName572-4,lastName572-4
573,6,firstName573-6,lastName573-6
574,3,firstName574-3,lastName574-3
575,1,firstName575-1,lastName575-1
576,5,firstName576-5,lastName576-5
577,5,firstName577-5,lastName577-5
578,8,firstName578-8,lastName578-8
579,4,firstName579-4,lastName579-4
580,10,firstName580-10,lastName580-10
581,6,firstName581-6,lastName581-6
582,3,firstName582-3,lastName582-3
583,10,firstName583-10,lastName583-10
584,5,firstName584-5,lastName584-5
585,2,firstName585-2,lastName585-2
586,1,firstName586-1,lastName586-1
587,9,firstName587-9,lastName587-9
588,7,firstName588-7,lastName588-7
589,3,firstName589-3,lastName589-3
590,1,firstName590-1,lastName590-1
591,2,firstName591-2,lastName591-2
592,1,firstName592-1,lastName592-1
593,9,firstName593-9,lastName593-9
594,10,firstName594-10,lastName594-10
595,4,firstName595-4,lastName595-4
596,10,firstName596-10,lastName596-10
597,1,firstName597-1,lastName597-1
598,3,firstName598-3,lastName598-3
599,10,firstName599-10,lastName599-10
600,2,firstName600-2,lastName600-2
601,5,firstName601-5,lastName601-5
602,10,firstName602-10,lastName602-10
603,6,firstName603-6,lastName603-6
604,4,firstName604-4,lastName604-4
605,3,firstName605-3,lastName605-3
606,8,firstName606-8,lastName606-8
607,5,firstName607-5,lastName607-5
608,8,firstName608-8,lastName608-8
609,1,firstName609-1,lastName609-1
610,3,firstName610-3,lastName610-3
611,4,firstName611-4,lastName611-4
612,5,firstName612-5,lastName612-5
613,3,firstName613-3,lastName613-3
614,1,firstName614-1,lastName614-1
615,5,firstName615-5,lastName615-5
616,6,firstName616-6,lastName616-6
617,1,firstName617-1,lastName617-1
618,7,firstName618-7,lastName618-7
619,6,firstName619-6,lastName619-6
620,3,firstName620-3,lastName620-3
621,7,firstName621-7,lastName621-7
622,5,firstName622-5,lastName622-5
623,3,firstName623-3,lastName623-3
624,5,firstName624-5,lastName624-5
625,3,firstName625-3,lastName625-3
626,8,firstName626-8,lastName626-8
627,5,firstName627-5,lastName627-5
628,10,firstName628-10,lastName628-10
629,10,firstName629-10,lastName629-10
630,7,firstName630-7,lastName630-7
631,5,firstName631-5,lastName631-5
632,4,firstName632-4,lastName632-4
633,10,firstName633-10,lastName633-10
634,10,firstName634-10,lastName634-10
635,7,firstName635-7,lastName635-7
636,3,firstName636-3,lastName636-3
637,5,firstName637-5,lastName637-5
638,3,firstName638-3,lastName638-3
639,3,firstName639-3,lastName639-3
640,4,firstName640-4,lastName640-4
641,3,firstName641-3,lastName641-3
642,6,firstName642-6,lastName642-6
643,6,firstName643-6,lastName643-6
644,10,firstName644-10,lastName644-10
645,1,firstName645-1,lastName645-1
646,6,firstName646-6,lastName646-6
647,6,firstName647-6,lastName647-6
648,10,firstName648-10,lastName648-10
649,5,firstName649-5,lastName649-5
650,6,firstName650-6,lastName650-6
651,9,firstName651-9,lastName651-9
652,7,firstName652-7,lastName652-7
653,7,firstName653-7,lastName653-7
654,1,firstName654-1,lastName654-1
655,5,firstName655-5,lastName655-5
656,8,firstName656-8,lastName656-8
657,10,firstName657-10,lastName657-10
658,2,firstName658-2,lastName658-2
659,9,firstName659-9,lastName659-9
660,4,firstName660-4,lastName660-4
661,6,firstName661-6,lastName661-6
662,2,firstName662-2,lastName662-2
663,1,firstName663-1,lastName663-1
664,6,firstName664-6,lastName664-6
665,10,firstName665-10,lastName665-10
666,9,firstName666-9,lastName666-9
667,5,firstName667-5,lastName667-5
668,7,firstName668-7,lastName668-7
669,6,firstName669-6,lastName669-6
670,1,firstName670-1,lastName670-1
671,7,firstName671-7,lastName671-7
672,9,firstName672-9,lastName672-9
673,9,firstName673-9,lastName673-9
674,7,firstName674-7,lastName674-7
675,8,firstName675-8,lastName675-8
676,5,firstName676-5,lastName676-5
677,9,firstName677-9,lastName677-9
678,6,firstName678-6,lastName678-6
679,1,firstName679-1,lastName679-1
680,6,firstName680-6,lastName680-6
681,10,firstName681-10,lastName681-10
682,10,firstName682-10,lastName682-10
683,4,firstName683-4,lastName683-4
684,3,firstName684-3,lastName684-3
685,9,firstName685-9,lastName685-9
686,5,firstName686-5,lastName686-5
687,9,firstName687-9,lastName687-9
688,3,firstName688-3,lastName688-3
689,4,firstName689-4,lastName689-4
690,10,firstName690-10,lastName690-10
691,5,firstName691-5,lastName691-5
692,4,firstName692-4,lastName692-4
693,5,firstName693-5,lastName693-5
694,8,firstName694-8,lastName694-8
695,7,firstName695-7,lastName695-7
696,3,firstName696-3,lastName696-3
697,7,firstName697-7,lastName697-7
698,6,firstName698-6,lastName698-6
699,9,firstName699-9,lastName699-9
700,6,firstName700-6,lastName700-6
701,4,firstName701-4,lastName701-4
702,1,firstName702-1,lastName702-1
703,9,firstName703-9,lastName703-9
704,3,firstName704-3,lastName704-3
705,5,firstName705-5,lastName705-5
706,8,firstName706-8,lastName706-8
707,7,firstName707-7,lastName707-7
708,1,firstName708-1,lastName708-1
709,2,firstName709-2,lastName709-2
710,3,firstName710-3,lastName710-3
711,9,firstName711-9,lastName711-9
712,10,firstName712-10,lastName712-10
713,5,firstName713-5,lastName713-5
714,6,firstName714-6,lastName714-6
715,3,firstName715-3,lastName715-3
716,8,firstName716-8,lastName716-8
717,7,firstName717-7,lastName717-7
718,2,firstName718-2,lastName718-2
719,8,firstName719-8,lastName719-8
720,4,firstName720-4,lastName720-4
721,1,firstName721-1,lastName721-1
722,8,firstName722-8,lastName722-8
723,5,firstName723-5,lastName723-5
724,7,firstName724-7,lastName724-7
725,10,firstName725-10,lastName725-10
726,9,firstName726-9,lastName726-9
727,7,firstName727-7,lastName727-7
728,1,firstName728-1,lastName728-1
729,6,firstName729-6,lastName729-6
730,10,firstName730-10,lastName730-10
731,8,firstName731-8,lastName731-8
732,1,firstName732-1,lastName732-1
733,9,firstName733-9,lastName733-9
734,5,firstName734-5,lastName734-5
735,7,firstName735-7,lastName735-7
736,9,firstName736-9,lastName736-9
737,6,firstName737-6,lastName737-6
738,4,firstName738-4,lastName738-4
739,3,firstName739-3,lastName739-3
740,3,firstName740-3,lastName740-3
741,4,firstName741-4,lastName741-4
742,1,firstName742-1,lastName742-1
743,8,firstName743-8,lastName743-8
744,9,firstName744-9,lastName744-9
745,4,firstName745-4,lastName745-4
746,10,firstName746-10,lastName746-10
747,5,firstName747-5,lastName747-5
748,3,firstName748-3,lastName748-3
749,3,firstName749-3,lastName749-3
750,9,firstName750-9,lastName750-9
751,7,firstName751-7,lastName751-7
752,1,firstName752-1,lastName752-1
753,7,firstName753-7,lastName753-7
754,9,firstName754-9,lastName754-9
755,3,firstName755-3,lastName755-3
756,1,firstName756-1,lastName756-1
757,2,firstName757-2,lastName757-2
758,7,firstName758-7,lastName758-7
759,4,firstName759-4,lastName759-4
760,1,firstName760-1,lastName760-1
761,7,firstName761-7,lastName761-7
762,7,firstName762-7,lastName762-7
763,5,firstName763-5,lastName763-5
764,10,firstName764-10,lastName764-10
765,1,firstName765-1,lastName765-1
766,7,firstName766-7,lastName766-7
767,4,firstName767-4,lastName767-4
768,3,firstName768-3,lastName768-3
769,9,firstName769-9,lastName769-9
770,3,firstName770-3,lastName770-3
771,4,firstName771-4,lastName771-4
772,3,firstName772-3,lastName772-3
773,3,firstName773-3,lastName773-3
774,1,firstName774-1,lastName774-1
775,10,firstName775-10,lastName775-10
776,8,firstName776-8,lastName776-8
777,10,firstName777-10,lastName777-10
778,3,firstName778-3,lastName778-3
779,1,firstName779-1,lastName779-1
780,10,firstName780-10,lastName780-10
781,1,firstName781-1,lastName781-1
782,5,firstName782-5,lastName782-5
783,7,firstName783-7,lastName783-7
784,6,firstName784-6,lastName784-6
785,4,firstName785-4,lastName785-4
786,7,firstName786-7,lastName786-7
787,7,firstName787-7,lastName787-7
788,2,firstName788-2,lastName788-2
789,10,firstName789-10,lastName789-10
790,10,firstName790-10,lastName790-10
791,6,firstName791-6,lastName791-6
792,2,firstName792-2,lastName792-2
793,3,firstName793-3,lastName793-3
794,4,firstName794-4,lastName794-4
795,8,firstName795-8,lastName795-8
796,7,firstName796-7,lastName796-7
797,1,firstName797-1,lastName797-1
798,4,firstName798-4,lastName798-4
799,4,firstName799-4,lastName799-4
800,7,firstName800-7,lastName800-7
801,9,firstName801-9,lastName801-9
802,2,firstName802-2,lastName802-2
803,3,firstName803-3,lastName803-3
804,9,firstName804-9,lastName804-9
805,9,firstName805-9,lastName805-9
806,8,firstName806-8,lastName806-8
807,7,firstName807-7,lastName807-7
808,1,firstName808-1,lastName808-1
809,2,firstName809-2,lastName809-2
810,7,firstName810-7,lastName810-7
811,8,firstName811-8,lastName811-8
812,3,firstName812-3,lastName812-3
813,6,firstName813-6,lastName813-6
814,10,firstName814-10,lastName814-10
815,3,firstName815-3,lastName815-3
816,10,firstName816-10,lastName816-10
817,10,firstName817-10,lastName817-10
818,2,firstName818-2,lastName818-2
819,6,firstName819-6,lastName819-6
820,6,firstName820-6,lastName820-6
821,5,firstName821-5,lastName821-5
822,2,firstName822-2,lastName822-2
823,5,firstName823-5,lastName823-5
824,4,firstName824-4,lastName824-4
825,3,firstName825-3,lastName825-3
826,7,firstName826-7,lastName826-7
827,4,firstName827-4,lastName827-4
828,4,firstName828-4,lastName828-4
829,6,firstName829-6,lastName829-6
830,7,firstName830-7,lastName830-7
831,8,firstName831-8,lastName831-8
832,4,firstName832-4,lastName832-4
833,6,firstName833-6,lastName833-6
834,9,firstName834-9,lastName834-9
835,7,firstName835-7,lastName835-7
836,1,firstName836-1,lastName836-1
837,4,firstName837-4,lastName837-4
838,3,firstName838-3,lastName838-3
839,6,firstName839-6,lastName839-6
840,10,firstName840-10,lastName840-10
841,10,firstName841-10,lastName841-10
842,3,firstName842-3,lastName842-3
843,9,firstName843-9,lastName843-9
844,8,firstName844-8,lastName844-8
845,6,firstName845-6,lastName845-6
846,6,firstName846-6,lastName846-6
847,3,firstName847-3,lastName847-3
848,5,firstName848-5,lastName848-5
849,3,firstName849-3,lastName849-3
850,7,firstName850-7,lastName850-7
851,7,firstName851-7,lastName851-7
852,3,firstName852-3,lastName852-3
853,8,firstName853-8,lastName853-8
854,6,firstName854-6,lastName854-6
855,10,firstName855-10,lastName855-10
856,9,firstName856-9,lastName856-9
857,5,firstName857-5,lastName857-5
858,7,firstName858-7,lastName858-7
859,3,firstName859-3,lastName859-3
860,9,firstName860-9,lastName860-9
861,1,firstName861-1,lastName861-1
862,2,firstName862-2,lastName862-2
863,10,firstName863-10,lastName863-10
864,3,firstName864-3,lastName864-3
865,3,firstName865-3,lastName865-3
866,1,firstName866-1,lastName866-1
867,10,firstName867-10,lastName867-10
868,7,firstName868-7,lastName868-7
869,7,firstName869-7,lastName869-7
870,10,firstName870-10,lastName870-10
871,10,firstName871-10,lastName871-10
872,1,firstName872-1,lastName872-1
873,9,firstName873-9,lastName873-9
874,5,firstName874-5,lastName874-5
875,2,firstName875-2,lastName875-2
876,3,firstName876-3,lastName876-3
877,4,firstName877-4,lastName877-4
878,8,firstName878-8,lastName878-8
879,3,firstName879-3,lastName879-3
880,7,firstName880-7,lastName880-7
881,1,firstName881-1,lastName881-1
882,4,firstName882-4,lastName882-4
883,5,firstName883-5,lastName883-5
884,10,firstName884-10,lastName884-10
885,9,firstName885-9,lastName885-9
886,3,firstName886-3,lastName886-3
887,8,firstName887-8,lastName887-8
888,5,firstName888-5,lastName888-5
889,6,firstName889-6,lastName889-6
890,9,firstName890-9,lastName890-9
891,4,firstName891-4,lastName891-4
892,1,firstName892-1,lastName892-1
893,2,firstName893-2,lastName893-2
894,10,firstName894-10,lastName894-10
895,1,firstName895-1,lastName895-1
896,5,firstName896-5,lastName896-5
897,8,firstName897-8,lastName897-8
898,10,firstName898-10,lastName898-10
899,3,firstName899-3,lastName899-3
900,10,firstName900-10,lastName900-10
901,7,firstName901-7,lastName901-7
902,1,firstName902-1,lastName902-1
903,7,firstName903-7,lastName903-7
904,2,firstName904-2,lastName904-2
905,6,firstName905-6,lastName905-6
906,8,firstName906-8,lastName906-8
907,4,firstName907-4,lastName907-4
908,6,firstName908-6,lastName908-6
909,2,firstName909-2,lastName909-2
910,7,firstName910-7,lastName910-7
911,1,firstName911-1,lastName911-1
912,4,firstName912-4,lastName912-4
913,9,firstName913-9,lastName913-9
914,9,firstName914-9,lastName914-9
915,1,firstName915-1,lastName915-1
916,2,firstName916-2,lastName916-2
917,10,firstName917-10,lastName917-10
918,6,firstName918-6,lastName918-6
919,4,firstName919-4,lastName919-4
920,10,firstName920-10,lastName920-10
921,3,firstName921-3,lastName921-3
922,5,firstName922-5,lastName922-5
923,8,firstName923-8,lastName923-8
924,10,firstName924-10,lastName924-10
925,10,firstName925-10,lastName925-10
926,7,firstName926-7,lastName926-7
927,10,firstName927-10,lastName927-10
928,8,firstName928-8,lastName928-8
929,6,firstName929-6,lastName929-6
930,1,firstName930-1,lastName930-1
931,10,firstName931-10,lastName931-10
932,4,firstName932-4,lastName932-4
933,1,firstName933-1,lastName933-1
934,8,firstName934-8,lastName934-8
935,3,firstName935-3,lastName935-3
936,7,firstName936-7,lastName936-7
937,3,firstName937-3,lastName937-3
938,10,firstName938-10,lastName938-10
939,6,firstName939-6,lastName939-6
940,2,firstName940-2,lastName940-2
941,3,firstName941-3,lastName941-3
942,7,firstName942-7,lastName942-7
943,7,firstName943-7,lastName943-7
944,9,firstName944-9,lastName944-9
945,10,firstName945-10,lastName945-10
946,3,firstName946-3,lastName946-3
947,2,firstName947-2,lastName947-2
948,9,firstName948-9,lastName948-9
949,9,firstName949-9,lastName949-9
950,3,firstName950-3,lastName950-3
951,3,firstName951-3,lastName951-3
952,2,firstName952-2,lastName952-2
953,4,firstName953-4,lastName953-4
954,2,firstName954-2,lastName954-2
955,7,firstName955-7,lastName955-7
956,10,firstName956-10,lastName956-10
957,3,firstName957-3,lastName957-3
958,8,firstName958-8,lastName958-8
959,2,firstName959-2,lastName959-2
960,7,firstName960-7,lastName960-7
961,2,firstName961-2,lastName961-2
962,2,firstName962-2,lastName962-2
963,2,firstName963-2,lastName963-2
964,1,firstName964-1,lastName964-1
965,8,firstName965-8,lastName965-8
966,8,firstName966-8,lastName966-8
967,3,firstName967-3,lastName967-3
968,2,firstName968-2,lastName968-2
969,5,firstName969-5,lastName969-5
970,8,firstName970-8,lastName970-8
971,7,firstName971-7,lastName971-7
972,9,firstName972-9,lastName972-9
973,8,firstName973-8,lastName973-8
974,5,firstName974-5,lastName974-5
975,5,firstName975-5,lastName975-5
976,6,firstName976-6,lastName976-6
977,8,firstName977-8,lastName977-8
978,6,firstName978-6,lastName978-6
979,1,firstName979-1,lastName979-1
